order_id,order_date,order_value,account_id,product_id,sales_agent_id
1,2017-03-01,1054.00,9,6,10005
2,2017-03-01,5882.00,39,5,10002
3,2017-03-01,625.00,13,1,10001
4,2017-03-01,5087.00,11,5,10001
5,2017-03-01,65.00,60,3,10001
6,2017-03-01,49.00,59,3,10001
7,2017-03-01,4926.00,13,2,10007
8,2017-03-01,4760.00,30,5,10001
9,2017-03-01,6719.00,13,5,10008
10,2017-03-01,608.00,16,1,10007
11,2017-03-01,58.00,74,3,10001
12,2017-03-02,423.00,62,1,10001
13,2017-03-02,970.00,45,6,10008
14,2017-03-02,559.00,86,1,10004
15,2017-03-02,3246.00,39,4,10001
16,2017-03-02,3841.00,74,4,10009
17,2017-03-02,60.00,36,3,10001
18,2017-03-02,504.00,38,1,10006
19,2017-03-02,57.00,19,3,10003
20,2017-03-03,67.00,15,3,10003
21,2017-03-03,615.00,19,1,10005
22,2017-03-03,52.00,25,3,10007
23,2017-03-03,508.00,73,1,10007
24,2017-03-03,1026.00,86,6,10009
25,2017-03-03,4438.00,11,2,10008
26,2017-03-04,463.00,67,1,10010
27,2017-03-04,3180.00,66,4,10004
28,2017-03-04,559.00,57,1,10004
29,2017-03-04,1217.00,11,6,10010
30,2017-03-04,999.00,74,6,10001
31,2017-03-05,5006.00,59,2,10010
32,2017-03-05,61.00,74,3,10003
33,2017-03-05,487.00,59,1,10009
34,2017-03-06,1123.00,11,6,10009
35,2017-03-06,1161.00,28,6,10010
36,2017-03-06,583.00,74,1,10005
37,2017-03-06,56.00,16,3,10004
38,2017-03-06,3956.00,74,4,10002
39,2017-03-07,5604.00,13,5,10009
40,2017-03-07,43.00,66,3,10003
41,2017-03-07,57.00,62,3,10008
42,2017-03-07,49.00,74,3,10003
43,2017-03-07,50.00,9,3,10010
44,2017-03-07,58.00,39,3,10005
45,2017-03-08,4739.00,23,2,10010
46,2017-03-08,60.00,66,3,10010
47,2017-03-08,50.00,3,3,10003
48,2017-03-08,62.00,12,3,10003
49,2017-03-08,622.00,39,1,10001
50,2017-03-09,542.00,28,1,10004
51,2017-03-09,4891.00,59,2,10010
52,2017-03-09,56.00,9,3,10008
53,2017-03-09,588.00,11,1,10005
54,2017-03-09,60.00,86,3,10003
55,2017-03-09,1033.00,15,6,10009
56,2017-03-10,53.00,4,3,10001
57,2017-03-10,3763.00,28,2,10010
58,2017-03-10,1155.00,16,6,10008
59,2017-03-10,56.00,3,3,10004
60,2017-03-10,3647.00,86,4,10007
61,2017-03-10,4774.00,25,2,10010
62,2017-03-10,5035.00,86,2,10010
63,2017-03-11,4514.00,39,2,10010
64,2017-03-11,4887.00,4,5,10008
65,2017-03-11,51.00,57,3,10006
66,2017-03-11,51.00,11,3,10003
67,2017-03-12,948.00,25,6,10004
68,2017-03-12,657.00,28,1,10010
69,2017-03-12,522.00,13,1,10001
70,2017-03-12,5522.00,59,5,10010
71,2017-03-12,609.00,11,1,10004
72,2017-03-12,51.00,15,3,10008
73,2017-03-12,61.00,4,3,10003
74,2017-03-12,469.00,9,1,10006
75,2017-03-12,3669.00,86,4,10004
76,2017-03-13,6805.00,73,5,10005
77,2017-03-13,589.00,15,1,10005
78,2017-03-13,3440.00,39,4,10008
79,2017-03-13,4711.00,39,5,10010
80,2017-03-14,54.00,25,3,10003
81,2017-03-14,514.00,23,1,10010
82,2017-03-14,5533.00,19,5,10008
83,2017-03-14,3358.00,73,4,10010
84,2017-03-14,3725.00,13,4,10010
85,2017-03-14,3257.00,28,4,10006
86,2017-03-14,4359.00,30,2,10010
87,2017-03-15,52.00,66,3,10005
88,2017-03-15,660.00,19,1,10005
89,2017-03-15,5765.00,66,5,10001
90,2017-03-15,56.00,3,3,10001
91,2017-03-15,3573.00,59,4,10004
92,2017-03-16,1062.00,25,6,10007
93,2017-03-16,5787.00,57,5,10007
94,2017-03-16,3323.00,39,4,10005
95,2017-03-16,2955.00,39,4,10002
96,2017-03-16,565.00,69,1,10006
97,2017-03-16,58.00,45,3,10001
98,2017-03-16,53.00,60,3,10003
99,2017-03-17,49.00,59,3,10003
100,2017-03-17,62.00,36,3,10003
101,2017-03-17,47.00,62,3,10002
102,2017-03-17,57.00,62,3,10001
103,2017-03-17,1247.00,29,6,10010
104,2017-03-17,56.00,73,3,10010
105,2017-03-17,903.00,23,6,10007
106,2017-03-17,47.00,9,3,10003
107,2017-03-17,2972.00,23,4,10008
108,2017-03-17,60.00,28,3,10003
109,2017-03-18,3217.00,59,4,10006
110,2017-03-18,50.00,59,3,10005
111,2017-03-18,5210.00,15,5,10001
112,2017-03-18,3563.00,30,4,10010
113,2017-03-19,3167.00,59,4,10009
114,2017-03-19,58.00,30,3,10001
115,2017-03-19,571.00,16,1,10008
116,2017-03-19,4716.00,74,2,10006
117,2017-03-19,657.00,59,1,10010
118,2017-03-20,1076.00,69,6,10010
119,2017-03-20,3587.00,23,4,10002
120,2017-03-20,60.00,57,3,10010
121,2017-03-20,4278.00,3,5,10010
122,2017-03-20,4247.00,25,2,10010
123,2017-03-20,510.00,30,1,10010
124,2017-03-20,1170.00,45,6,10010
125,2017-03-20,1162.00,28,6,10007
126,2017-03-20,49.00,86,3,10008
127,2017-03-21,1080.00,29,6,10009
128,2017-03-21,3724.00,66,4,10008
129,2017-03-21,929.00,59,6,10010
130,2017-03-21,543.00,23,1,10006
131,2017-03-21,1212.00,16,6,10009
132,2017-03-21,573.00,19,1,10005
133,2017-03-21,1012.00,66,6,10010
134,2017-03-21,3496.00,16,4,10002
135,2017-03-22,4829.00,57,2,10010
136,2017-03-22,547.00,11,1,10004
137,2017-03-22,546.00,11,1,10005
138,2017-03-22,3952.00,13,2,10010
139,2017-03-23,516.00,29,1,10010
140,2017-03-23,4148.00,66,4,10001
141,2017-03-23,44.00,25,3,10008
142,2017-03-23,1343.00,36,6,10009
143,2017-03-23,3046.00,67,4,10003
144,2017-03-24,4375.00,77,2,10008
145,2017-03-24,590.00,30,1,10006
146,2017-03-24,615.00,69,1,10008
147,2017-03-24,48.00,38,3,10009
148,2017-03-24,560.00,45,1,10004
149,2017-03-24,2955.00,30,4,10003
150,2017-03-25,47.00,39,3,10003
151,2017-03-25,6282.00,39,5,10003
152,2017-03-25,3269.00,11,4,10010
153,2017-03-25,4891.00,77,2,10008
154,2017-03-25,638.00,62,1,10004
155,2017-03-25,5559.00,12,2,10010
156,2017-03-25,3647.00,67,4,10001
157,2017-03-25,5614.00,9,5,10003
158,2017-03-26,546.00,9,1,10009
159,2017-03-26,579.00,66,1,10007
160,2017-03-26,6064.00,28,5,10001
161,2017-03-26,61.00,59,3,10003
162,2017-03-26,48.00,23,3,10007
163,2017-03-26,561.00,77,1,10010
164,2017-03-26,59.00,38,3,10001
165,2017-03-27,53.00,60,3,10002
166,2017-03-27,2871.00,25,4,10003
167,2017-03-27,5459.00,60,5,10001
168,2017-03-27,47.00,59,3,10004
169,2017-03-27,58.00,74,3,10001
170,2017-03-27,49.00,16,3,10010
171,2017-03-28,519.00,39,1,10006
172,2017-03-28,557.00,60,1,10005
173,2017-03-28,51.00,45,3,10003
174,2017-03-28,52.00,23,3,10010
175,2017-03-28,585.00,30,1,10006
176,2017-03-28,3459.00,16,4,10006
177,2017-03-28,1062.00,45,6,10007
178,2017-03-29,59.00,19,3,10005
179,2017-03-30,4511.00,19,2,10010
180,2017-03-30,5406.00,67,2,10006
181,2017-03-30,604.00,19,1,10010
182,2017-03-30,966.00,66,6,10002
183,2017-03-30,5109.00,39,2,10010
184,2017-03-30,4794.00,39,2,10010
185,2017-03-30,489.00,59,1,10004
186,2017-03-30,54.00,30,3,10004
187,2017-03-30,54.00,23,3,10003
188,2017-03-30,1126.00,57,6,10010
189,2017-03-31,3611.00,60,4,10002
190,2017-03-31,54.00,4,3,10002
191,2017-03-31,54.00,39,3,10003
192,2017-03-31,517.00,11,1,10006
193,2017-04-01,5060.00,15,5,10001
194,2017-04-01,3251.00,86,4,10003
195,2017-04-04,3445.00,11,4,10001
196,2017-04-02,52.00,57,3,10003
197,2017-04-03,503.00,66,1,10008
198,2017-04-04,54.00,19,3,10001
199,2017-04-04,4820.00,66,2,10010
200,2017-04-08,1056.00,11,6,10002
201,2017-04-09,3665.00,77,4,10010
202,2017-04-07,5447.00,4,5,10005
203,2017-04-05,5972.00,29,5,10009
204,2017-04-05,553.00,36,1,10006
205,2017-04-07,5728.00,36,5,10004
206,2017-04-08,59.00,59,3,10003
207,2017-04-08,3626.00,15,4,10001
208,2017-04-08,5798.00,4,5,10010
209,2017-04-10,4685.00,3,2,10010
210,2017-04-08,565.00,19,1,10006
211,2017-04-10,531.00,36,1,10009
212,2017-04-02,60.00,66,3,10003
213,2017-04-10,3343.00,16,4,10002
214,2017-04-11,3263.00,4,4,10010
215,2017-04-11,507.00,11,1,10008
216,2017-04-11,949.00,25,6,10007
217,2017-04-09,53.00,57,3,10010
218,2017-04-13,3141.00,29,4,10010
219,2017-04-05,532.00,3,1,10008
220,2017-04-04,5615.00,39,2,10008
221,2017-04-11,582.00,16,1,10001
222,2017-04-12,59.00,16,3,10001
223,2017-04-06,5063.00,45,2,10006
224,2017-04-10,5032.00,69,2,10006
225,2017-04-06,54.00,39,3,10003
226,2017-04-14,57.00,3,3,10001
227,2017-04-06,5647.00,74,2,10010
228,2017-04-14,64.00,60,3,10010
229,2017-04-08,596.00,77,1,10001
230,2017-04-15,4413.00,30,2,10010
231,2017-04-09,1091.00,77,6,10006
232,2017-04-17,1189.00,86,6,10006
233,2017-04-13,4659.00,28,5,10005
234,2017-04-15,1142.00,66,6,10001
235,2017-04-09,5678.00,25,2,10010
236,2017-04-17,3532.00,67,4,10004
237,2017-04-18,4978.00,59,2,10010
238,2017-04-14,3077.00,38,4,10008
239,2017-04-10,1204.00,38,6,10007
240,2017-04-10,970.00,45,6,10009
241,2017-04-18,3409.00,39,4,10002
242,2017-04-16,4955.00,30,5,10010
243,2017-04-17,5065.00,12,2,10010
244,2017-04-17,4343.00,29,2,10010
245,2017-04-20,3892.00,66,2,10010
246,2017-04-18,47.00,30,3,10004
247,2017-04-18,62.00,60,3,10003
248,2017-04-18,4837.00,12,2,10010
249,2017-04-12,504.00,30,1,10009
250,2017-04-13,55.00,30,3,10009
251,2017-04-20,3785.00,15,4,10002
252,2017-04-15,58.00,38,3,10001
253,2017-04-19,1327.00,16,6,10010
254,2017-04-23,1058.00,62,6,10010
255,2017-04-21,5220.00,69,5,10010
256,2017-04-22,55.00,59,3,10008
257,2017-04-22,56.00,4,3,10003
258,2017-04-22,53.00,23,3,10010
259,2017-04-15,57.00,66,3,10008
260,2017-04-25,565.00,86,1,10006
261,2017-04-24,54.00,74,3,10006
262,2017-04-16,5082.00,67,5,10001
263,2017-04-22,1055.00,16,6,10008
264,2017-04-24,538.00,62,1,10006
265,2017-04-23,68.00,16,3,10006
266,2017-04-26,52.00,77,3,10001
267,2017-04-24,3668.00,11,4,10001
268,2017-04-25,1170.00,77,6,10010
269,2017-04-24,4784.00,28,2,10008
270,2017-04-23,1160.00,15,6,10007
271,2017-04-23,62.00,39,3,10003
272,2017-04-25,51.00,3,3,10001
273,2017-04-27,56.00,13,3,10001
274,2017-04-19,3392.00,38,4,10009
275,2017-04-25,49.00,62,3,10001
276,2017-04-20,55.00,45,3,10002
277,2017-04-28,549.00,60,1,10010
278,2017-04-29,657.00,13,1,10006
279,2017-04-27,56.00,30,3,10006
280,2017-04-28,64.00,23,3,10007
281,2017-04-27,4878.00,28,5,10003
282,2017-04-26,3269.00,23,4,10010
283,2017-04-22,55.00,69,3,10006
284,2017-04-29,5858.00,69,5,10010
285,2017-04-27,1024.00,13,6,10005
286,2017-04-30,6384.00,69,5,10009
287,2017-04-24,560.00,3,1,10008
288,2017-04-24,554.00,28,1,10009
289,2017-04-25,62.00,59,3,10001
290,2017-04-29,5029.00,16,5,10010
291,2017-04-26,580.00,29,1,10006
292,2017-04-27,517.00,66,1,10004
293,2017-04-29,60.00,74,3,10003
294,2017-05-15,58.00,67,3,10005
295,2017-05-27,1051.00,28,6,10009
296,2017-05-23,3668.00,25,4,10002
297,2017-05-23,5827.00,57,5,10004
298,2017-05-11,3025.00,73,4,10005
299,2017-05-05,5010.00,73,2,10010
300,2017-05-06,3063.00,77,4,10005
301,2017-05-09,5423.00,67,2,10010
302,2017-05-06,3281.00,19,4,10006
303,2017-05-09,962.00,86,6,10007
304,2017-05-17,4494.00,3,5,10003
305,2017-05-26,443.00,60,1,10005
306,2017-05-03,497.00,13,1,10002
307,2017-05-13,4311.00,13,2,10010
308,2017-05-27,528.00,60,1,10006
309,2017-05-09,1028.00,39,6,10007
310,2017-05-14,47.00,29,3,10003
311,2017-05-15,5331.00,38,5,10008
312,2017-05-18,49.00,19,3,10003
313,2017-05-28,51.00,13,3,10001
314,2017-05-31,1044.00,60,6,10004
315,2017-05-25,5728.00,3,5,10002
316,2017-05-26,5570.00,9,2,10010
317,2017-05-26,3647.00,13,4,10010
318,2017-05-12,54.00,12,3,10003
319,2017-05-23,46.00,29,3,10001
320,2017-05-28,1149.00,45,6,10010
321,2017-05-14,544.00,57,1,10001
322,2017-05-18,51.00,15,3,10002
323,2017-05-29,5092.00,73,5,10001
324,2017-05-05,59.00,16,3,10006
325,2017-05-16,1060.00,11,6,10004
326,2017-05-31,579.00,38,1,10006
327,2017-05-15,3423.00,23,4,10009
328,2017-05-24,3428.00,19,4,10003
329,2017-05-28,4978.00,25,2,10010
330,2017-05-16,4853.00,39,5,10008
331,2017-05-29,2915.00,77,4,10002
332,2017-05-10,589.00,13,1,10003
333,2017-05-22,991.00,39,6,10004
334,2017-05-27,4509.00,19,5,10004
335,2017-05-29,60.00,30,3,10003
336,2017-05-09,1140.00,38,6,10001
337,2017-05-25,52.00,69,3,10001
338,2017-05-13,5121.00,45,5,10002
339,2017-05-15,618.00,60,1,10010
340,2017-05-11,57.00,39,3,10005
341,2017-05-22,4754.00,59,2,10010
342,2017-05-06,62.00,15,3,10010
343,2017-05-18,55.00,23,3,10008
344,2017-05-09,1178.00,11,6,10010
345,2017-05-02,550.00,38,1,10001
346,2017-05-27,47.00,11,3,10010
347,2017-05-09,538.00,45,1,10002
348,2017-05-26,1137.00,4,6,10006
349,2017-05-07,3542.00,3,4,10007
350,2017-05-27,50.00,77,3,10003
351,2017-05-06,5616.00,28,5,10009
352,2017-05-11,3232.00,59,4,10006
353,2017-05-30,52.00,59,3,10001
354,2017-05-05,60.00,66,3,10003
355,2017-05-15,5214.00,16,5,10010
356,2017-05-27,648.00,9,1,10004
357,2017-05-31,571.00,69,1,10009
358,2017-05-12,4280.00,19,2,10009
359,2017-05-29,3267.00,86,4,10002
360,2017-05-26,3982.00,36,4,10005
361,2017-05-19,541.00,19,1,10002
362,2017-05-20,54.00,23,3,10005
363,2017-05-17,57.00,62,3,10003
364,2017-05-05,518.00,36,1,10001
365,2017-05-31,50.00,25,3,10004
366,2017-05-12,505.00,57,1,10006
367,2017-05-30,61.00,30,3,10004
368,2017-05-22,1147.00,23,6,10005
369,2017-05-19,3641.00,23,4,10003
370,2017-05-01,4226.00,16,2,10010
371,2017-05-02,58.00,74,3,10005
372,2017-05-06,60.00,69,3,10005
373,2017-05-24,4939.00,60,2,10010
374,2017-05-26,5558.00,86,5,10003
375,2017-05-02,4916.00,38,2,10008
376,2017-05-06,1020.00,45,6,10010
377,2017-05-11,6039.00,74,5,10009
378,2017-05-11,1055.00,60,6,10010
379,2017-05-06,4727.00,23,2,10010
380,2017-05-10,3397.00,30,4,10009
381,2017-05-15,918.00,62,6,10001
382,2017-05-13,586.00,16,1,10006
383,2017-05-06,557.00,12,1,10009
384,2017-05-02,59.00,28,3,10010
385,2017-05-08,3971.00,59,4,10005
386,2017-05-16,554.00,62,1,10009
387,2017-05-11,1300.00,13,6,10001
388,2017-05-06,526.00,60,1,10006
389,2017-05-14,60.00,13,3,10006
390,2017-05-08,3952.00,16,4,10004
391,2017-05-09,4784.00,19,5,10001
392,2017-05-22,569.00,28,1,10005
393,2017-05-19,56.00,62,3,10001
394,2017-05-16,5338.00,15,5,10003
395,2017-05-19,1075.00,38,6,10010
396,2017-05-24,5033.00,77,2,10010
397,2017-05-16,1100.00,30,6,10006
398,2017-05-16,57.00,19,3,10002
399,2017-05-30,980.00,86,6,10010
400,2017-05-24,3604.00,28,4,10007
401,2017-05-26,52.00,19,3,10001
402,2017-05-20,60.00,74,3,10010
403,2017-05-25,472.00,74,1,10005
404,2017-05-27,3831.00,36,4,10002
405,2017-05-22,595.00,59,1,10004
406,2017-05-27,3558.00,60,4,10002
407,2017-05-19,58.00,19,3,10003
408,2017-05-22,50.00,60,3,10001
409,2017-05-16,68.00,3,3,10003
410,2017-05-30,1129.00,36,6,10002
411,2017-05-25,5046.00,62,5,10003
412,2017-05-31,55.00,36,3,10006
413,2017-05-04,572.00,19,1,10006
414,2017-05-05,4667.00,74,2,10007
415,2017-05-17,513.00,29,1,10006
416,2017-05-15,6270.00,77,5,10009
417,2017-05-04,57.00,38,3,10008
418,2017-05-14,55.00,60,3,10009
419,2017-05-01,3363.00,30,4,10005
420,2017-05-05,5008.00,36,2,10006
421,2017-05-20,60.00,45,3,10003
422,2017-05-12,943.00,25,6,10010
423,2017-05-07,538.00,73,1,10005
424,2017-05-17,1039.00,36,6,10006
425,2017-05-17,1067.00,77,6,10010
426,2017-05-08,5883.00,74,5,10001
427,2017-05-11,1155.00,67,6,10010
428,2017-05-02,1089.00,36,6,10001
429,2017-05-07,3369.00,69,4,10010
430,2017-05-25,52.00,12,3,10001
431,2017-05-11,51.00,25,3,10008
432,2017-05-06,4736.00,57,2,10006
433,2017-05-14,5755.00,3,5,10005
434,2017-05-20,54.00,15,3,10003
435,2017-05-01,54.00,45,3,10003
436,2017-05-16,640.00,73,1,10010
437,2017-05-05,5127.00,19,2,10010
438,2017-05-02,574.00,30,1,10004
439,2017-05-14,3581.00,38,4,10008
440,2017-05-21,538.00,59,1,10007
441,2017-05-09,3470.00,77,4,10002
442,2017-05-04,55.00,9,3,10001
443,2017-05-13,501.00,39,1,10004
444,2017-05-15,1068.00,57,6,10005
445,2017-05-05,5786.00,25,5,10010
446,2017-05-19,1131.00,69,6,10006
447,2017-05-04,612.00,11,1,10006
448,2017-05-10,582.00,13,1,10004
449,2017-05-04,6292.00,9,5,10007
450,2017-05-13,3522.00,29,4,10003
451,2017-05-27,1050.00,57,6,10007
452,2017-05-16,1189.00,38,6,10010
453,2017-05-21,518.00,66,1,10006
454,2017-05-28,5639.00,45,5,10010
455,2017-05-30,63.00,16,3,10001
456,2017-05-28,505.00,29,1,10006
457,2017-05-13,455.00,28,1,10005
458,2017-05-18,1079.00,59,6,10002
459,2017-05-10,5068.00,9,2,10010
460,2017-05-19,54.00,16,3,10003
461,2017-05-07,2904.00,3,4,10004
462,2017-05-28,404.00,66,1,10005
463,2017-05-24,60.00,77,3,10003
464,2017-06-15,4498.00,73,2,10008
465,2017-06-10,1056.00,13,6,10001
466,2017-06-28,5643.00,30,2,10010
467,2017-06-16,516.00,4,1,10005
468,2017-06-06,956.00,12,6,10005
469,2017-06-16,1055.00,36,6,10006
470,2017-06-13,3295.00,9,4,10010
471,2017-06-30,1081.00,62,6,10007
472,2017-06-08,5142.00,19,2,10008
473,2017-06-18,61.00,16,3,10003
474,2017-06-04,574.00,15,1,10001
475,2017-06-24,1008.00,9,6,10008
476,2017-06-22,4458.00,86,2,10008
477,2017-06-01,530.00,4,1,10004
478,2017-06-28,2863.00,16,4,10007
479,2017-06-28,4109.00,11,4,10005
480,2017-06-22,516.00,28,1,10010
481,2017-06-02,4407.00,60,2,10010
482,2017-06-15,524.00,60,1,10004
483,2017-06-26,3415.00,36,4,10001
484,2017-06-02,4082.00,74,4,10008
485,2017-06-17,465.00,69,1,10005
486,2017-06-14,50.00,45,3,10005
487,2017-06-16,50.00,77,3,10003
488,2017-06-19,4856.00,11,5,10010
489,2017-06-06,595.00,62,1,10006
490,2017-06-22,54.00,60,3,10001
491,2017-06-01,1020.00,29,6,10005
492,2017-06-13,522.00,11,1,10001
493,2017-06-07,3081.00,28,4,10001
494,2017-06-22,496.00,25,1,10004
495,2017-06-06,494.00,57,1,10004
496,2017-06-11,545.00,39,1,10007
497,2017-06-09,3714.00,15,4,10005
498,2017-06-11,6023.00,29,5,10001
499,2017-06-12,1190.00,39,6,10009
500,2017-06-03,59.00,4,3,10002
501,2017-06-11,595.00,69,1,10001
502,2017-06-01,51.00,86,3,10001
503,2017-06-17,571.00,25,1,10010
504,2017-06-08,51.00,73,3,10008
505,2017-06-01,51.00,11,3,10007
506,2017-06-13,1184.00,60,6,10002
507,2017-06-17,459.00,11,1,10004
508,2017-06-04,3330.00,45,4,10005
509,2017-06-23,522.00,77,1,10008
510,2017-06-20,53.00,36,3,10003
511,2017-06-08,52.00,77,3,10001
512,2017-06-20,4565.00,19,2,10010
513,2017-06-03,502.00,69,1,10005
514,2017-06-21,4969.00,74,2,10010
515,2017-06-05,2875.00,19,4,10010
516,2017-06-21,4527.00,28,5,10004
517,2017-06-03,6102.00,9,5,10005
518,2017-06-11,3185.00,74,4,10004
519,2017-06-25,619.00,3,1,10005
520,2017-06-21,3378.00,67,4,10003
521,2017-06-12,5416.00,62,2,10010
522,2017-06-02,6553.00,74,5,10007
523,2017-06-11,3619.00,23,4,10005
524,2017-06-04,65.00,69,3,10010
525,2017-06-23,3657.00,57,4,10005
526,2017-06-24,491.00,15,1,10010
527,2017-06-16,1037.00,57,6,10001
528,2017-06-21,49.00,11,3,10008
529,2017-06-14,3430.00,39,4,10004
530,2017-06-06,56.00,62,3,10001
531,2017-06-30,3040.00,19,4,10004
532,2017-06-30,1185.00,74,6,10007
533,2017-06-12,503.00,59,1,10005
534,2017-06-14,1144.00,69,6,10008
535,2017-06-16,55.00,28,3,10008
536,2017-06-19,54.00,62,3,10007
537,2017-06-26,5991.00,15,5,10006
538,2017-06-28,49.00,15,3,10003
539,2017-06-06,55.00,12,3,10004
540,2017-06-03,3670.00,38,4,10002
541,2017-06-16,3844.00,13,2,10010
542,2017-06-02,490.00,45,1,10007
543,2017-06-20,600.00,4,1,10010
544,2017-06-09,5017.00,86,5,10003
545,2017-06-15,58.00,12,3,10001
546,2017-06-30,526.00,38,1,10003
547,2017-06-17,3228.00,28,4,10010
548,2017-06-05,1184.00,77,6,10006
549,2017-06-20,460.00,69,1,10001
550,2017-06-27,524.00,57,1,10001
551,2017-06-18,3031.00,23,4,10010
552,2017-06-05,3011.00,30,4,10007
553,2017-06-11,1067.00,3,6,10009
554,2017-06-19,1140.00,59,6,10004
555,2017-06-09,527.00,19,1,10001
556,2017-06-24,575.00,77,1,10005
557,2017-06-12,3161.00,25,4,10005
558,2017-06-27,4534.00,69,2,10006
559,2017-06-02,3666.00,3,4,10001
560,2017-06-27,1115.00,13,6,10006
561,2017-06-02,1047.00,11,6,10004
562,2017-06-09,4413.00,57,2,10007
563,2017-06-06,46.00,60,3,10005
564,2017-06-23,531.00,19,1,10006
565,2017-06-16,544.00,57,1,10006
566,2017-06-27,923.00,19,6,10010
567,2017-06-02,4575.00,77,2,10010
568,2017-06-27,1163.00,36,6,10002
569,2017-06-23,626.00,15,1,10001
570,2017-06-23,48.00,45,3,10004
571,2017-06-06,491.00,38,1,10009
572,2017-06-20,54.00,12,3,10001
573,2017-06-27,58.00,36,3,10003
574,2017-06-30,628.00,69,1,10006
575,2017-06-15,1183.00,13,6,10006
576,2017-06-12,489.00,36,1,10004
577,2017-06-09,54.00,30,3,10003
578,2017-06-15,518.00,4,1,10004
579,2017-06-25,51.00,25,3,10005
580,2017-06-20,984.00,23,6,10010
581,2017-06-07,4923.00,30,2,10010
582,2017-06-30,1073.00,36,6,10001
583,2017-06-13,1105.00,25,6,10007
584,2017-06-05,54.00,12,3,10009
585,2017-06-04,54.00,16,3,10001
586,2017-06-09,52.00,45,3,10001
587,2017-06-23,3813.00,57,4,10001
588,2017-06-20,1188.00,66,6,10009
589,2017-06-29,5028.00,36,2,10008
590,2017-06-26,3249.00,60,4,10010
591,2017-06-29,4709.00,29,2,10010
592,2017-06-10,61.00,11,3,10002
593,2017-06-28,1041.00,15,6,10001
594,2017-06-24,59.00,30,3,10010
595,2017-06-07,1064.00,66,6,10009
596,2017-06-27,603.00,19,1,10009
597,2017-06-01,56.00,28,3,10004
598,2017-06-02,58.00,59,3,10001
599,2017-06-07,4606.00,39,2,10010
600,2017-06-11,5241.00,16,5,10007
601,2017-06-05,616.00,60,1,10009
602,2017-06-27,63.00,4,3,10001
603,2017-06-02,583.00,25,1,10006
604,2017-06-10,2807.00,66,4,10003
605,2017-06-05,460.00,3,1,10002
606,2017-06-11,59.00,19,3,10003
607,2017-06-18,1115.00,73,6,10007
608,2017-06-11,497.00,28,1,10001
609,2017-06-21,602.00,15,1,10010
610,2017-06-03,3236.00,23,4,10007
611,2017-06-04,4192.00,38,2,10010
612,2017-06-09,48.00,12,3,10008
613,2017-06-13,46.00,59,3,10003
614,2017-06-08,523.00,39,1,10001
615,2017-06-11,63.00,36,3,10001
616,2017-06-14,565.00,38,1,10010
617,2017-06-09,3771.00,59,4,10010
618,2017-06-12,52.00,69,3,10002
619,2017-06-22,639.00,74,1,10006
620,2017-06-21,1040.00,29,6,10006
621,2017-06-13,5056.00,77,5,10003
622,2017-06-18,4794.00,60,2,10010
623,2017-06-22,60.00,62,3,10007
624,2017-06-17,624.00,25,1,10006
625,2017-06-11,1140.00,23,6,10006
626,2017-06-18,627.00,59,1,10006
627,2017-06-17,3662.00,77,4,10003
628,2017-06-18,59.00,19,3,10002
629,2017-06-21,5175.00,59,5,10010
630,2017-06-16,614.00,29,1,10006
631,2017-06-14,881.00,86,6,10007
632,2017-06-24,4272.00,30,2,10007
633,2017-06-27,3681.00,11,4,10005
634,2017-06-17,834.00,39,6,10006
635,2017-06-19,54.00,57,3,10007
636,2017-06-21,527.00,16,1,10009
637,2017-06-12,2724.00,29,4,10009
638,2017-06-24,4410.00,3,2,10010
639,2017-06-27,3470.00,74,4,10004
640,2017-06-15,55.00,86,3,10003
641,2017-06-25,6365.00,29,5,10008
642,2017-06-24,58.00,39,3,10001
643,2017-06-15,59.00,4,3,10003
644,2017-06-23,55.00,29,3,10001
645,2017-06-17,3468.00,77,4,10004
646,2017-06-25,3785.00,15,4,10002
647,2017-06-30,4564.00,62,2,10010
648,2017-06-28,546.00,60,1,10006
649,2017-06-24,3323.00,39,4,10010
650,2017-06-24,3228.00,66,4,10004
651,2017-06-23,5115.00,39,2,10008
652,2017-06-22,60.00,66,3,10006
653,2017-06-25,5030.00,25,2,10010
654,2017-06-26,1033.00,25,6,10006
655,2017-06-28,3478.00,57,4,10008
656,2017-06-02,57.00,36,3,10005
657,2017-06-04,565.00,11,1,10008
658,2017-06-06,41.00,3,3,10007
659,2017-06-01,1216.00,23,6,10001
660,2017-06-06,1190.00,11,6,10007
661,2017-06-04,3642.00,59,4,10003
662,2017-06-17,3822.00,3,4,10010
663,2017-06-18,2525.00,11,4,10004
664,2017-06-15,1018.00,11,6,10009
665,2017-06-03,60.00,23,3,10003
666,2017-06-05,672.00,19,1,10009
667,2017-06-07,59.00,60,3,10001
668,2017-06-03,5148.00,86,5,10002
669,2017-06-12,4650.00,15,2,10010
670,2017-06-16,4829.00,45,2,10010
671,2017-06-03,528.00,30,1,10003
672,2017-06-18,1199.00,62,6,10003
673,2017-06-07,4494.00,39,2,10006
674,2017-06-12,5370.00,3,5,10001
675,2017-06-26,5154.00,67,5,10002
676,2017-06-14,3215.00,23,4,10008
677,2017-06-03,5015.00,25,5,10007
678,2017-06-04,5401.00,23,5,10004
679,2017-06-18,551.00,60,1,10005
680,2017-07-01,1149.00,39,6,10006
681,2017-07-01,4813.00,23,5,10003
682,2017-07-01,4826.00,39,2,10010
683,2017-07-03,557.00,30,1,10009
684,2017-07-01,3465.00,86,4,10003
685,2017-07-05,66.00,74,3,10002
686,2017-07-03,49.00,13,3,10008
687,2017-07-02,932.00,12,6,10009
688,2017-07-02,64.00,66,3,10001
689,2017-07-05,3355.00,3,4,10005
690,2017-07-08,5536.00,59,5,10010
691,2017-07-03,54.00,16,3,10010
692,2017-07-03,5536.00,39,5,10004
693,2017-07-02,839.00,77,6,10007
694,2017-07-06,612.00,73,1,10002
695,2017-07-02,5081.00,9,2,10008
696,2017-07-03,504.00,9,1,10006
697,2017-07-05,4181.00,69,5,10007
698,2017-07-06,991.00,77,6,10001
699,2017-07-06,4635.00,86,2,10010
700,2017-07-02,1176.00,29,6,10007
701,2017-07-05,541.00,67,1,10005
702,2017-07-01,4766.00,16,5,10009
703,2017-07-04,3548.00,59,4,10003
704,2017-07-07,4162.00,69,2,10010
705,2017-07-07,3865.00,13,4,10008
706,2017-07-02,462.00,19,1,10003
707,2017-07-10,1047.00,3,6,10001
708,2017-07-08,5321.00,77,2,10010
709,2017-07-06,57.00,29,3,10010
710,2017-07-07,1105.00,39,6,10008
711,2017-07-06,3676.00,60,4,10005
712,2017-07-10,466.00,45,1,10003
713,2017-07-06,4749.00,13,2,10010
714,2017-07-09,3699.00,45,4,10007
715,2017-07-11,47.00,15,3,10003
716,2017-07-01,53.00,19,3,10003
717,2017-07-11,4391.00,29,5,10002
718,2017-07-11,1308.00,67,6,10010
719,2017-07-06,3252.00,39,4,10008
720,2017-07-11,574.00,62,1,10006
721,2017-07-09,5422.00,66,5,10007
722,2017-07-11,3657.00,16,4,10007
723,2017-07-12,50.00,77,3,10009
724,2017-07-09,1180.00,67,6,10001
725,2017-07-04,480.00,60,1,10002
726,2017-07-04,5333.00,23,5,10010
727,2017-07-05,3101.00,36,4,10006
728,2017-07-11,1204.00,25,6,10007
729,2017-07-06,56.00,19,3,10001
730,2017-07-05,4544.00,60,2,10010
731,2017-07-05,1102.00,59,6,10005
732,2017-07-09,55.00,86,3,10005
733,2017-07-05,63.00,9,3,10003
734,2017-07-17,4213.00,29,2,10006
735,2017-07-08,590.00,38,1,10002
736,2017-07-14,5629.00,39,5,10002
737,2017-07-12,5085.00,74,2,10010
738,2017-07-07,5966.00,25,5,10007
739,2017-07-15,458.00,39,1,10002
740,2017-07-11,64.00,19,3,10006
741,2017-07-17,1193.00,38,6,10007
742,2017-07-11,1088.00,3,6,10009
743,2017-07-16,54.00,3,3,10010
744,2017-07-11,4440.00,25,2,10008
745,2017-07-19,53.00,9,3,10006
746,2017-07-13,1192.00,38,6,10004
747,2017-07-18,4651.00,77,5,10005
748,2017-07-17,962.00,16,6,10001
749,2017-07-18,4631.00,77,2,10008
750,2017-07-19,3230.00,39,4,10008
751,2017-07-19,588.00,39,1,10005
752,2017-07-12,2878.00,28,4,10008
753,2017-07-12,576.00,74,1,10006
754,2017-07-18,1258.00,45,6,10006
755,2017-07-16,5382.00,4,2,10010
756,2017-07-19,536.00,38,1,10004
757,2017-07-24,550.00,11,1,10009
758,2017-07-14,585.00,59,1,10009
759,2017-07-17,44.00,74,3,10001
760,2017-07-16,5537.00,38,5,10002
761,2017-07-26,1144.00,67,6,10010
762,2017-07-16,579.00,28,1,10004
763,2017-07-24,3411.00,77,4,10004
764,2017-07-25,59.00,57,3,10001
765,2017-07-24,62.00,45,3,10002
766,2017-07-18,538.00,60,1,10010
767,2017-07-17,4488.00,3,2,10010
768,2017-07-17,550.00,57,1,10004
769,2017-07-19,5673.00,39,2,10010
770,2017-07-24,617.00,73,1,10006
771,2017-07-26,490.00,77,1,10006
772,2017-07-26,53.00,57,3,10007
773,2017-07-27,1114.00,67,6,10009
774,2017-07-27,54.00,12,3,10001
775,2017-07-19,752.00,74,6,10010
776,2017-07-26,5698.00,29,5,10007
777,2017-07-28,563.00,28,1,10005
778,2017-07-25,53.00,3,3,10001
779,2017-07-26,5401.00,30,2,10010
780,2017-07-21,4907.00,74,5,10008
781,2017-07-29,537.00,28,1,10004
782,2017-07-30,1089.00,19,6,10004
783,2017-07-27,3352.00,11,4,10004
784,2017-07-27,3985.00,4,4,10005
785,2017-07-27,65.00,25,3,10003
786,2017-07-25,47.00,25,3,10003
787,2017-07-21,1160.00,59,6,10001
788,2017-07-28,1000.00,73,6,10010
789,2017-07-26,5347.00,13,2,10010
790,2017-07-31,2970.00,66,4,10008
791,2017-07-30,526.00,23,1,10005
792,2017-07-30,418.00,19,1,10009
793,2017-07-28,54.00,69,3,10009
794,2017-07-28,51.00,62,3,10003
795,2017-07-30,3167.00,3,4,10003
796,2017-07-23,50.00,66,3,10002
797,2017-07-29,927.00,30,6,10010
798,2017-07-23,1174.00,66,6,10005
799,2017-07-24,541.00,73,1,10002
800,2017-07-31,1070.00,66,6,10010
801,2017-07-31,4772.00,28,2,10010
802,2017-07-25,1171.00,45,6,10007
803,2017-07-25,58.00,38,3,10005
804,2017-07-31,50.00,36,3,10003
805,2017-07-31,581.00,66,1,10010
806,2017-07-30,537.00,45,1,10004
807,2017-07-27,1031.00,9,6,10007
808,2017-07-27,4677.00,16,2,10010
809,2017-07-28,3809.00,25,4,10008
810,2017-07-28,1044.00,59,6,10007
811,2017-07-29,5068.00,4,5,10001
812,2017-07-29,46.00,29,3,10001
813,2017-07-30,4387.00,38,2,10010
814,2017-07-30,4555.00,69,2,10010
815,2017-07-29,4671.00,9,2,10006
816,2017-07-29,4172.00,9,2,10007
817,2017-07-31,53.00,4,3,10010
818,2017-07-31,5741.00,57,2,10006
819,2017-08-14,4359.00,9,2,10010
820,2017-08-03,489.00,23,1,10001
821,2017-08-09,5820.00,11,2,10010
822,2017-08-03,52.00,62,3,10003
823,2017-08-03,5203.00,16,5,10006
824,2017-08-12,570.00,38,1,10006
825,2017-08-11,52.00,77,3,10004
826,2017-08-15,5191.00,62,2,10010
827,2017-08-16,3025.00,74,4,10005
828,2017-08-01,821.00,15,6,10008
829,2017-08-07,999.00,19,6,10004
830,2017-08-05,54.00,15,3,10004
831,2017-08-15,59.00,30,3,10003
832,2017-08-14,3334.00,57,4,10001
833,2017-08-14,599.00,77,1,10005
834,2017-08-08,5913.00,57,5,10004
835,2017-08-10,3139.00,28,4,10002
836,2017-08-11,583.00,59,1,10004
837,2017-08-28,64.00,29,3,10001
838,2017-08-23,878.00,77,6,10010
839,2017-08-11,543.00,36,1,10006
840,2017-08-19,5145.00,15,5,10003
841,2017-08-09,54.00,9,3,10003
842,2017-08-01,53.00,11,3,10001
843,2017-08-11,596.00,38,1,10010
844,2017-08-12,4935.00,19,2,10010
845,2017-08-17,3560.00,11,4,10010
846,2017-08-05,528.00,28,1,10009
847,2017-08-09,590.00,3,1,10003
848,2017-08-12,511.00,38,1,10006
849,2017-08-01,57.00,12,3,10006
850,2017-08-17,526.00,25,1,10010
851,2017-08-10,1194.00,77,6,10006
852,2017-08-14,5310.00,57,2,10006
853,2017-08-05,901.00,38,6,10005
854,2017-08-20,553.00,45,1,10004
855,2017-08-31,996.00,67,6,10001
856,2017-08-09,63.00,19,3,10002
857,2017-08-14,1015.00,29,6,10008
858,2017-08-04,59.00,39,3,10001
859,2017-08-10,5361.00,9,2,10008
860,2017-08-21,529.00,23,1,10005
861,2017-08-11,5037.00,4,2,10010
862,2017-08-24,3766.00,66,4,10010
863,2017-08-09,52.00,57,3,10008
864,2017-08-11,1083.00,38,6,10003
865,2017-08-04,54.00,25,3,10001
866,2017-08-24,987.00,12,6,10010
867,2017-08-15,3290.00,19,4,10010
868,2017-08-11,1110.00,23,6,10010
869,2017-08-15,440.00,59,1,10004
870,2017-08-31,58.00,38,3,10005
871,2017-08-09,5647.00,30,2,10010
872,2017-08-18,56.00,73,3,10010
873,2017-08-31,68.00,67,3,10008
874,2017-08-05,557.00,25,1,10004
875,2017-08-09,60.00,19,3,10009
876,2017-08-04,53.00,30,3,10003
877,2017-08-11,475.00,4,1,10001
878,2017-08-03,3031.00,59,4,10001
879,2017-08-30,4606.00,36,2,10006
880,2017-08-20,3250.00,19,4,10004
881,2017-08-01,57.00,4,3,10009
882,2017-08-24,3339.00,36,4,10008
883,2017-08-20,4180.00,25,2,10006
884,2017-08-11,3285.00,30,4,10003
885,2017-08-06,5109.00,60,2,10008
886,2017-08-14,4270.00,29,2,10010
887,2017-08-22,4787.00,74,2,10008
888,2017-08-09,3808.00,25,4,10006
889,2017-08-04,1275.00,59,6,10007
890,2017-08-19,3428.00,74,4,10007
891,2017-08-21,57.00,66,3,10001
892,2017-08-22,4432.00,62,2,10010
893,2017-08-17,5769.00,36,5,10006
894,2017-08-05,4924.00,60,2,10006
895,2017-08-23,3407.00,13,4,10007
896,2017-08-25,1118.00,4,6,10010
897,2017-08-29,611.00,4,1,10002
898,2017-08-02,3985.00,9,2,10010
899,2017-08-06,917.00,62,6,10008
900,2017-08-08,56.00,69,3,10008
901,2017-08-02,505.00,57,1,10004
902,2017-08-27,53.00,69,3,10005
903,2017-08-28,54.00,66,3,10001
904,2017-08-02,6026.00,15,5,10010
905,2017-08-09,588.00,66,1,10004
906,2017-08-21,5712.00,12,5,10007
907,2017-08-05,1017.00,39,6,10007
908,2017-08-24,51.00,57,3,10003
909,2017-08-30,4990.00,77,5,10008
910,2017-08-25,5421.00,15,5,10010
911,2017-08-23,5223.00,28,2,10010
912,2017-08-13,3625.00,19,4,10010
913,2017-08-03,554.00,60,1,10006
914,2017-08-05,1267.00,67,6,10009
915,2017-08-20,61.00,77,3,10001
916,2017-08-31,1114.00,39,6,10010
917,2017-08-27,6096.00,23,5,10006
918,2017-08-17,566.00,25,1,10004
919,2017-08-19,517.00,77,1,10007
920,2017-08-15,3470.00,39,4,10001
921,2017-08-04,1017.00,4,6,10005
922,2017-08-04,4749.00,9,5,10002
923,2017-08-26,1075.00,59,6,10010
924,2017-08-20,43.00,66,3,10003
925,2017-08-29,4961.00,69,5,10002
926,2017-08-25,3455.00,39,4,10010
927,2017-08-23,580.00,60,1,10006
928,2017-08-02,3018.00,73,4,10004
929,2017-08-11,5843.00,13,2,10010
930,2017-08-22,576.00,3,1,10010
931,2017-08-25,5614.00,29,5,10010
932,2017-08-30,3422.00,69,4,10010
933,2017-08-16,5018.00,4,5,10005
934,2017-08-29,61.00,60,3,10001
935,2017-08-16,5088.00,25,2,10010
936,2017-08-21,5472.00,29,5,10007
937,2017-08-24,5271.00,36,5,10001
938,2017-08-22,5195.00,36,2,10010
939,2017-08-24,555.00,67,1,10003
940,2017-08-20,1132.00,36,6,10006
941,2017-08-27,3177.00,19,4,10008
942,2017-08-27,612.00,73,1,10006
943,2017-08-16,3207.00,16,4,10005
944,2017-08-14,48.00,67,3,10008
945,2017-08-09,1128.00,11,6,10002
946,2017-08-02,56.00,59,3,10010
947,2017-08-31,1028.00,69,6,10010
948,2017-08-26,5217.00,62,5,10007
949,2017-08-01,513.00,16,1,10002
950,2017-08-11,560.00,23,1,10004
951,2017-08-09,568.00,74,1,10009
952,2017-08-11,1012.00,11,6,10006
953,2017-08-31,51.00,77,3,10002
954,2017-08-28,522.00,16,1,10001
955,2017-08-29,4346.00,36,2,10010
956,2017-08-08,3458.00,11,4,10007
957,2017-08-28,1194.00,66,6,10008
958,2017-08-20,960.00,69,6,10009
959,2017-08-29,943.00,62,6,10009
960,2017-08-12,3146.00,39,4,10002
961,2017-08-02,2837.00,39,4,10010
962,2017-08-03,1060.00,29,6,10010
963,2017-08-23,5847.00,66,5,10001
964,2017-08-17,5058.00,74,2,10010
965,2017-08-07,1006.00,73,6,10007
966,2017-08-02,3367.00,69,4,10007
967,2017-08-07,996.00,77,6,10010
968,2017-08-07,3271.00,57,4,10008
969,2017-08-03,528.00,59,1,10010
970,2017-08-02,3025.00,62,4,10002
971,2017-08-09,4790.00,15,2,10010
972,2017-08-23,4861.00,86,2,10010
973,2017-08-07,965.00,16,6,10007
974,2017-08-23,589.00,13,1,10010
975,2017-08-19,53.00,4,3,10003
976,2017-08-03,60.00,12,3,10003
977,2017-08-05,4603.00,39,5,10001
978,2017-08-04,1160.00,62,6,10010
979,2017-08-09,502.00,25,1,10004
980,2017-08-10,53.00,38,3,10003
981,2017-08-16,3452.00,45,4,10001
982,2017-08-16,52.00,9,3,10001
983,2017-08-21,1126.00,38,6,10009
984,2017-08-18,53.00,15,3,10001
985,2017-08-17,1085.00,73,6,10006
986,2017-08-19,5572.00,77,5,10007
987,2017-08-27,1108.00,11,6,10007
988,2017-08-25,5671.00,38,5,10009
989,2017-08-18,46.00,19,3,10001
990,2017-08-25,1104.00,60,6,10010
991,2017-08-29,53.00,74,3,10001
992,2017-08-29,1084.00,57,6,10003
993,2017-08-30,620.00,73,1,10010
994,2017-08-26,54.00,39,3,10002
995,2017-09-01,4835.00,60,2,10009
996,2017-09-02,433.00,57,1,10007
997,2017-09-18,984.00,25,6,10009
998,2017-09-02,1093.00,11,6,10006
999,2017-09-15,61.00,23,3,10005
1000,2017-09-06,5625.00,11,2,10006
1001,2017-09-07,61.00,69,3,10004
1002,2017-09-05,545.00,38,1,10009
1003,2017-09-20,51.00,11,3,10003
1004,2017-09-15,51.00,69,3,10001
1005,2017-09-11,4914.00,77,2,10010
1006,2017-09-27,5961.00,9,2,10010
1007,2017-09-05,2785.00,74,4,10007
1008,2017-09-15,547.00,4,1,10005
1009,2017-09-08,578.00,29,1,10009
1010,2017-09-23,483.00,60,1,10004
1011,2017-09-16,3727.00,77,4,10004
1012,2017-09-03,576.00,13,1,10001
1013,2017-09-02,4929.00,29,2,10006
1014,2017-09-03,540.00,9,1,10009
1015,2017-09-19,959.00,69,6,10003
1016,2017-09-02,6274.00,62,5,10008
1017,2017-09-17,5373.00,60,5,10001
1018,2017-09-04,519.00,36,1,10006
1019,2017-09-12,4138.00,23,2,10006
1020,2017-09-23,54.00,25,3,10004
1021,2017-09-14,3438.00,38,4,10004
1022,2017-09-06,4903.00,73,2,10010
1023,2017-09-19,5055.00,73,2,10007
1024,2017-09-20,59.00,36,3,10005
1025,2017-09-26,479.00,38,1,10009
1026,2017-09-14,3449.00,29,4,10009
1027,2017-09-27,55.00,69,3,10001
1028,2017-09-13,3598.00,36,4,10008
1029,2017-09-15,584.00,69,1,10004
1030,2017-09-13,60.00,23,3,10002
1031,2017-09-13,532.00,57,1,10006
1032,2017-09-13,55.00,11,3,10003
1033,2017-09-13,49.00,57,3,10001
1034,2017-09-25,1001.00,69,6,10002
1035,2017-09-03,3768.00,45,4,10010
1036,2017-09-20,1144.00,86,6,10006
1037,2017-09-20,1143.00,38,6,10008
1038,2017-09-10,61.00,16,3,10009
1039,2017-09-25,64.00,28,3,10001
1040,2017-09-10,5322.00,74,2,10010
1041,2017-09-19,54.00,59,3,10009
1042,2017-09-09,2683.00,57,4,10010
1043,2017-09-09,460.00,36,1,10006
1044,2017-09-25,918.00,13,6,10006
1045,2017-09-17,4577.00,28,2,10010
1046,2017-09-04,3621.00,23,4,10008
1047,2017-09-17,1063.00,4,6,10009
1048,2017-09-19,60.00,38,3,10004
1049,2017-09-15,5220.00,4,2,10006
1050,2017-09-26,5449.00,25,2,10010
1051,2017-09-04,57.00,67,3,10005
1052,2017-09-06,3571.00,11,4,10001
1053,2017-09-30,587.00,77,1,10009
1054,2017-09-12,6250.00,66,5,10001
1055,2017-09-12,3510.00,36,4,10002
1056,2017-09-13,1051.00,38,6,10006
1057,2017-09-28,3590.00,66,4,10007
1058,2017-09-21,2739.00,86,4,10005
1059,2017-09-29,52.00,59,3,10003
1060,2017-09-21,2949.00,66,4,10003
1061,2017-09-10,63.00,11,3,10005
1062,2017-09-03,4964.00,28,2,10010
1063,2017-09-14,1102.00,57,6,10008
1064,2017-09-24,3679.00,57,4,10005
1065,2017-09-12,4430.00,11,5,10010
1066,2017-09-17,533.00,69,1,10005
1067,2017-09-17,6193.00,74,5,10008
1068,2017-09-12,3046.00,57,4,10003
1069,2017-09-11,631.00,28,1,10001
1070,2017-09-29,54.00,73,3,10010
1071,2017-09-02,501.00,59,1,10006
1072,2017-09-30,530.00,39,1,10005
1073,2017-09-02,835.00,59,6,10006
1074,2017-09-27,560.00,3,1,10001
1075,2017-09-15,3427.00,28,4,10002
1076,2017-09-29,565.00,77,1,10010
1077,2017-09-23,4888.00,57,2,10010
1078,2017-09-23,1157.00,25,6,10009
1079,2017-09-23,47.00,12,3,10002
1080,2017-09-23,2857.00,4,4,10004
1081,2017-09-02,3118.00,19,4,10004
1082,2017-09-06,376.00,13,1,10005
1083,2017-09-05,1300.00,59,6,10010
1084,2017-09-25,475.00,16,1,10005
1085,2017-09-12,4323.00,69,2,10010
1086,2017-09-18,5455.00,11,5,10002
1087,2017-09-11,56.00,36,3,10004
1088,2017-09-16,460.00,28,1,10001
1089,2017-09-08,460.00,60,1,10010
1090,2017-09-01,54.00,13,3,10007
1091,2017-09-24,5944.00,3,5,10009
1092,2017-09-03,2572.00,16,4,10010
1093,2017-09-28,469.00,30,1,10009
1094,2017-09-03,3255.00,15,4,10010
1095,2017-09-02,3501.00,9,4,10009
1096,2017-09-30,5753.00,13,5,10002
1097,2017-09-18,1071.00,3,6,10010
1098,2017-09-03,574.00,57,1,10005
1099,2017-09-16,1203.00,62,6,10010
1100,2017-09-23,546.00,11,1,10006
1101,2017-09-03,3727.00,67,4,10010
1102,2017-09-27,3139.00,12,4,10008
1103,2017-09-25,571.00,57,1,10007
1104,2017-09-27,3038.00,29,4,10003
1105,2017-09-05,5113.00,15,2,10010
1106,2017-09-28,3696.00,57,4,10009
1107,2017-09-27,4868.00,12,2,10008
1108,2017-09-29,5947.00,73,5,10010
1109,2017-09-23,5548.00,15,5,10008
1110,2017-09-05,610.00,23,1,10002
1111,2017-09-19,3457.00,60,4,10005
1112,2017-09-19,454.00,38,1,10004
1113,2017-09-17,6360.00,38,5,10010
1114,2017-09-22,4722.00,38,2,10008
1115,2017-09-09,59.00,28,3,10005
1116,2017-09-24,546.00,4,1,10003
1117,2017-09-02,56.00,19,3,10003
1118,2017-09-01,4817.00,3,2,10010
1119,2017-09-03,4310.00,23,2,10010
1120,2017-09-08,54.00,74,3,10003
1121,2017-09-03,57.00,60,3,10003
1122,2017-09-05,474.00,19,1,10006
1123,2017-09-05,597.00,9,1,10001
1124,2017-09-13,59.00,19,3,10001
1125,2017-09-11,525.00,9,1,10010
1126,2017-09-07,1252.00,11,6,10010
1127,2017-09-11,63.00,13,3,10008
1128,2017-09-13,1105.00,60,6,10009
1129,2017-09-13,5096.00,74,5,10002
1130,2017-09-30,4994.00,77,5,10002
1131,2017-09-08,55.00,67,3,10001
1132,2017-09-18,4598.00,12,2,10010
1133,2017-09-10,5008.00,13,2,10010
1134,2017-09-08,623.00,29,1,10006
1135,2017-09-10,5293.00,23,5,10010
1136,2017-09-16,4809.00,19,5,10007
1137,2017-09-15,552.00,86,1,10003
1138,2017-09-03,59.00,73,3,10003
1139,2017-09-30,4011.00,3,4,10003
1140,2017-09-12,4375.00,9,2,10010
1141,2017-09-14,1098.00,86,6,10009
1142,2017-09-14,63.00,29,3,10003
1143,2017-09-11,61.00,39,3,10003
1144,2017-09-06,64.00,4,3,10001
1145,2017-09-16,5080.00,25,2,10006
1146,2017-09-16,1166.00,19,6,10009
1147,2017-09-13,48.00,11,3,10010
1148,2017-09-12,61.00,9,3,10003
1149,2017-09-12,2969.00,11,4,10010
1150,2017-09-18,585.00,3,1,10006
1151,2017-09-24,5600.00,25,5,10001
1152,2017-09-10,3346.00,25,4,10010
1153,2017-09-22,600.00,4,1,10002
1154,2017-09-24,568.00,16,1,10009
1155,2017-09-17,1159.00,4,6,10010
1156,2017-09-20,53.00,69,3,10008
1157,2017-09-19,530.00,13,1,10006
1158,2017-09-21,72.00,3,3,10007
1159,2017-09-26,54.00,45,3,10003
1160,2017-09-29,4805.00,13,2,10008
1161,2017-09-18,5421.00,66,5,10001
1162,2017-09-23,55.00,67,3,10001
1163,2017-09-26,1153.00,57,6,10010
1164,2017-09-27,4902.00,23,2,10006
1165,2017-09-29,5450.00,16,2,10010
1166,2017-09-25,3678.00,38,2,10006
1167,2017-09-30,4361.00,59,2,10006
1168,2017-09-30,66.00,73,3,10001
1169,2017-09-27,68.00,77,3,10007
1170,2017-09-30,4422.00,4,2,10010
1171,2017-09-27,1047.00,13,6,10008
1172,2017-09-30,2800.00,9,4,10008
1173,2017-09-29,59.00,28,3,10003
1174,2017-10-02,3485.00,13,2,10006
1175,2017-10-01,5775.00,38,5,10003
1176,2017-10-02,5357.00,36,2,10010
1177,2017-10-02,1127.00,86,6,10006
1178,2017-10-02,54.00,60,3,10002
1179,2017-10-03,5144.00,13,5,10010
1180,2017-10-04,1189.00,86,6,10009
1181,2017-10-04,53.00,15,3,10003
1182,2017-10-03,55.00,67,3,10002
1183,2017-10-07,5708.00,45,5,10007
1184,2017-10-05,3250.00,66,4,10008
1185,2017-10-06,3681.00,4,4,10004
1186,2017-10-05,5280.00,74,5,10007
1187,2017-10-06,3704.00,62,4,10004
1188,2017-10-05,55.00,11,3,10003
1189,2017-10-09,5689.00,39,5,10008
1190,2017-10-05,3957.00,73,4,10007
1191,2017-10-10,3148.00,19,4,10002
1192,2017-10-09,3006.00,60,4,10010
1193,2017-10-11,6156.00,3,5,10004
1194,2017-10-09,5007.00,77,2,10007
1195,2017-10-07,549.00,9,1,10005
1196,2017-10-08,57.00,66,3,10003
1197,2017-10-09,4594.00,29,2,10010
1198,2017-10-04,5263.00,11,5,10010
1199,2017-10-09,4201.00,73,2,10010
1200,2017-10-12,536.00,3,1,10004
1201,2017-10-09,56.00,9,3,10007
1202,2017-10-10,3415.00,66,4,10002
1203,2017-10-10,58.00,73,3,10010
1204,2017-10-09,3254.00,57,4,10003
1205,2017-10-10,5055.00,57,2,10010
1206,2017-10-06,58.00,38,3,10006
1207,2017-10-11,622.00,66,1,10002
1208,2017-10-10,1132.00,57,6,10010
1209,2017-10-14,5170.00,38,2,10010
1210,2017-10-10,556.00,38,1,10006
1211,2017-10-12,53.00,30,3,10006
1212,2017-10-07,58.00,13,3,10003
1213,2017-10-08,4461.00,23,2,10010
1214,2017-10-08,3212.00,66,4,10008
1215,2017-10-07,510.00,15,1,10005
1216,2017-10-14,552.00,30,1,10005
1217,2017-10-11,59.00,15,3,10003
1218,2017-10-13,5349.00,69,5,10001
1219,2017-10-19,52.00,73,3,10002
1220,2017-10-09,5212.00,86,2,10006
1221,2017-10-13,594.00,29,1,10004
1222,2017-10-08,661.00,69,1,10007
1223,2017-10-14,1240.00,28,6,10007
1224,2017-10-19,577.00,57,1,10005
1225,2017-10-15,1186.00,57,6,10002
1226,2017-10-20,3100.00,59,4,10001
1227,2017-10-10,1129.00,66,6,10009
1228,2017-10-14,3860.00,57,4,10003
1229,2017-10-11,1166.00,30,6,10001
1230,2017-10-20,3892.00,74,4,10006
1231,2017-10-17,3578.00,29,4,10007
1232,2017-10-16,3434.00,62,4,10001
1233,2017-10-22,969.00,9,6,10006
1234,2017-10-21,528.00,62,1,10006
1235,2017-10-13,3090.00,77,4,10005
1236,2017-10-24,4767.00,30,2,10010
1237,2017-10-14,3475.00,59,4,10010
1238,2017-10-26,978.00,57,6,10005
1239,2017-10-24,49.00,66,3,10003
1240,2017-10-26,1168.00,57,6,10002
1241,2017-10-18,4810.00,19,2,10010
1242,2017-10-22,472.00,13,1,10006
1243,2017-10-16,42.00,73,3,10004
1244,2017-10-22,58.00,62,3,10003
1245,2017-10-16,1154.00,59,6,10010
1246,2017-10-16,4885.00,19,2,10010
1247,2017-10-16,4936.00,69,2,10010
1248,2017-10-23,5449.00,11,5,10005
1249,2017-10-25,4834.00,59,2,10010
1250,2017-10-17,3490.00,13,4,10010
1251,2017-10-28,562.00,3,1,10005
1252,2017-10-17,57.00,39,3,10003
1253,2017-10-23,55.00,15,3,10001
1254,2017-10-23,5458.00,9,2,10010
1255,2017-10-19,5046.00,66,2,10006
1256,2017-10-26,64.00,15,3,10007
1257,2017-10-27,54.00,3,3,10003
1258,2017-10-20,1200.00,38,6,10002
1259,2017-10-20,4130.00,57,2,10010
1260,2017-10-20,474.00,25,1,10004
1261,2017-10-30,43.00,4,3,10007
1262,2017-10-27,461.00,59,1,10009
1263,2017-10-30,1089.00,36,6,10001
1264,2017-10-29,62.00,59,3,10002
1265,2017-10-27,6276.00,77,5,10010
1266,2017-10-27,4688.00,3,2,10010
1267,2017-10-26,451.00,59,1,10004
1268,2017-10-27,53.00,38,3,10003
1269,2017-10-20,2749.00,67,4,10003
1270,2017-10-30,54.00,30,3,10001
1271,2017-10-27,3848.00,77,4,10002
1272,2017-10-27,4435.00,11,2,10010
1273,2017-10-28,4699.00,66,2,10010
1274,2017-10-30,60.00,66,3,10008
1275,2017-10-29,4732.00,67,2,10010
1276,2017-10-30,52.00,45,3,10008
1277,2017-10-24,3616.00,16,4,10002
1278,2017-10-30,3578.00,38,2,10010
1279,2017-10-23,6233.00,69,5,10007
1280,2017-10-31,1237.00,19,6,10010
1281,2017-10-29,965.00,69,6,10010
1282,2017-10-24,5685.00,39,2,10010
1283,2017-10-26,4024.00,60,2,10010
1284,2017-10-30,5516.00,74,5,10007
1285,2017-10-29,519.00,3,1,10006
1286,2017-10-25,1243.00,3,6,10006
1287,2017-10-31,1133.00,59,6,10004
1288,2017-10-27,1103.00,16,6,10001
1289,2017-10-31,4377.00,62,2,10007
1290,2017-10-27,3353.00,3,4,10007
1291,2017-10-29,538.00,74,1,10006
1292,2017-10-28,50.00,67,3,10003
1293,2017-10-29,66.00,15,3,10001
1294,2017-10-30,4733.00,11,2,10010
1295,2017-10-31,62.00,4,3,10006
1296,2017-10-31,973.00,57,6,10006
1297,2017-11-02,511.00,73,1,10003
1298,2017-11-06,55.00,30,3,10001
1299,2017-11-11,4009.00,66,5,10010
1300,2017-11-03,51.00,25,3,10002
1301,2017-11-14,3552.00,57,4,10008
1302,2017-11-20,556.00,16,1,10010
1303,2017-11-19,6049.00,69,5,10006
1304,2017-11-03,1077.00,15,6,10009
1305,2017-11-04,3306.00,19,4,10003
1306,2017-11-01,53.00,38,3,10003
1307,2017-11-10,5234.00,57,5,10005
1308,2017-11-01,534.00,36,1,10003
1309,2017-11-02,1080.00,12,6,10004
1310,2017-11-09,563.00,60,1,10003
1311,2017-11-17,3684.00,29,4,10002
1312,2017-11-01,1080.00,60,6,10006
1313,2017-11-08,3354.00,77,4,10002
1314,2017-11-07,1196.00,86,6,10007
1315,2017-11-02,4313.00,69,2,10010
1316,2017-11-07,65.00,69,3,10001
1317,2017-11-11,526.00,57,1,10006
1318,2017-11-10,4809.00,28,2,10006
1319,2017-11-23,65.00,11,3,10002
1320,2017-11-20,481.00,38,1,10010
1321,2017-11-11,520.00,74,1,10010
1322,2017-11-04,4582.00,11,2,10010
1323,2017-11-29,3165.00,74,4,10003
1324,2017-11-02,50.00,69,3,10001
1325,2017-11-05,4810.00,19,2,10010
1326,2017-11-04,3902.00,60,2,10010
1327,2017-11-30,53.00,57,3,10003
1328,2017-11-05,57.00,29,3,10001
1329,2017-11-09,5107.00,29,2,10010
1330,2017-11-12,57.00,67,3,10006
1331,2017-11-22,5468.00,36,5,10001
1332,2017-11-19,1029.00,19,6,10010
1333,2017-11-13,986.00,77,6,10010
1334,2017-11-02,3024.00,57,4,10004
1335,2017-11-03,54.00,16,3,10001
1336,2017-11-12,509.00,25,1,10010
1337,2017-11-11,4731.00,77,5,10005
1338,2017-11-14,58.00,12,3,10001
1339,2017-11-13,1074.00,3,6,10002
1340,2017-11-14,4833.00,3,2,10010
1341,2017-11-19,57.00,30,3,10006
1342,2017-11-21,528.00,38,1,10004
1343,2017-11-03,6322.00,15,5,10007
1344,2017-11-03,67.00,66,3,10001
1345,2017-11-22,63.00,57,3,10009
1346,2017-11-02,6659.00,4,5,10001
1347,2017-11-13,1042.00,39,6,10005
1348,2017-11-28,60.00,30,3,10003
1349,2017-11-14,53.00,12,3,10001
1350,2017-11-12,1215.00,15,6,10004
1351,2017-11-02,672.00,9,1,10003
1352,2017-11-14,3703.00,19,4,10007
1353,2017-11-16,66.00,13,3,10003
1354,2017-11-24,594.00,86,1,10001
1355,2017-11-08,57.00,62,3,10005
1356,2017-11-13,1060.00,69,6,10001
1357,2017-11-08,58.00,74,3,10001
1358,2017-11-04,5729.00,66,2,10008
1359,2017-11-06,3447.00,77,4,10008
1360,2017-11-21,58.00,38,3,10001
1361,2017-11-21,58.00,62,3,10001
1362,2017-11-25,3830.00,45,4,10008
1363,2017-11-19,5987.00,11,2,10010
1364,2017-11-22,5078.00,45,2,10008
1365,2017-11-07,532.00,69,1,10006
1366,2017-11-09,3975.00,59,2,10010
1367,2017-11-02,62.00,25,3,10003
1368,2017-11-27,6255.00,38,5,10009
1369,2017-11-29,1151.00,74,6,10002
1370,2017-11-06,3251.00,57,4,10010
1371,2017-11-08,54.00,4,3,10008
1372,2017-11-12,511.00,11,1,10004
1373,2017-11-27,50.00,77,3,10003
1374,2017-11-17,44.00,9,3,10001
1375,2017-11-25,629.00,9,1,10001
1376,2017-11-21,477.00,9,1,10007
1377,2017-11-30,3902.00,74,4,10009
1378,2017-11-08,3362.00,57,4,10004
1379,2017-11-25,1179.00,11,6,10010
1380,2017-11-19,637.00,74,1,10009
1381,2017-11-28,5668.00,13,5,10010
1382,2017-11-19,487.00,60,1,10004
1383,2017-11-18,1072.00,25,6,10004
1384,2017-11-05,5231.00,77,2,10010
1385,2017-11-17,485.00,45,1,10004
1386,2017-11-17,574.00,30,1,10007
1387,2017-11-26,5160.00,12,5,10004
1388,2017-11-24,4938.00,4,2,10008
1389,2017-11-27,946.00,57,6,10004
1390,2017-11-28,51.00,36,3,10009
1391,2017-11-20,55.00,12,3,10003
1392,2017-11-03,54.00,29,3,10001
1393,2017-11-15,571.00,4,1,10005
1394,2017-11-13,4515.00,77,2,10010
1395,2017-11-30,1133.00,59,6,10007
1396,2017-11-27,1117.00,39,6,10009
1397,2017-11-24,571.00,74,1,10006
1398,2017-11-08,3207.00,38,4,10008
1399,2017-11-22,5595.00,15,5,10010
1400,2017-11-20,415.00,69,1,10008
1401,2017-11-25,1190.00,77,6,10006
1402,2017-11-03,6182.00,74,5,10010
1403,2017-11-29,5211.00,9,5,10003
1404,2017-11-03,990.00,67,6,10002
1405,2017-11-07,55.00,11,3,10010
1406,2017-11-28,55.00,16,3,10007
1407,2017-11-03,5729.00,38,2,10010
1408,2017-11-26,59.00,9,3,10001
1409,2017-11-10,4356.00,60,2,10006
1410,2017-11-03,3296.00,19,4,10004
1411,2017-11-07,3561.00,39,4,10007
1412,2017-11-11,539.00,74,1,10008
1413,2017-11-05,53.00,3,3,10008
1414,2017-11-03,479.00,9,1,10006
1415,2017-11-09,480.00,3,1,10001
1416,2017-11-11,61.00,9,3,10003
1417,2017-11-18,1059.00,66,6,10002
1418,2017-11-26,2968.00,25,4,10002
1419,2017-11-19,1071.00,28,6,10008
1420,2017-11-17,985.00,77,6,10007
1421,2017-11-20,1133.00,62,6,10009
1422,2017-11-21,54.00,77,3,10005
1423,2017-11-20,4480.00,59,2,10010
1424,2017-11-14,5916.00,57,5,10007
1425,2017-11-15,5276.00,74,5,10001
1426,2017-11-23,947.00,59,6,10007
1427,2017-11-30,5600.00,15,2,10010
1428,2017-11-22,575.00,66,1,10006
1429,2017-11-24,4880.00,38,5,10010
1430,2017-11-18,5653.00,16,5,10003
1431,2017-11-29,4617.00,9,2,10010
1432,2017-11-28,3206.00,57,4,10002
1433,2017-11-20,549.00,25,1,10010
1434,2017-11-28,662.00,39,1,10009
1435,2017-11-29,52.00,60,3,10001
1436,2017-11-23,3161.00,69,4,10005
1437,2017-11-29,1001.00,45,6,10005
1438,2017-11-30,4888.00,28,2,10010
1439,2017-12-02,53.00,69,3,10001
1440,2017-12-04,1245.00,12,6,10010
1441,2017-12-16,49.00,69,3,10006
1442,2017-12-07,3367.00,23,4,10008
1443,2017-12-20,1013.00,62,6,10010
1444,2017-12-14,609.00,23,1,10007
1445,2017-12-13,3063.00,29,4,10004
1446,2017-12-09,569.00,36,1,10009
1447,2017-12-18,716.00,62,1,10005
1448,2017-12-30,580.00,59,1,10007
1449,2017-12-01,1148.00,25,6,10006
1450,2017-12-17,3894.00,66,4,10005
1451,2017-12-06,3436.00,74,4,10008
1452,2017-12-30,611.00,57,1,10006
1453,2017-12-13,513.00,69,1,10004
1454,2017-12-20,4744.00,19,2,10010
1455,2017-12-13,51.00,13,3,10005
1456,2017-12-09,56.00,69,3,10003
1457,2017-12-04,54.00,23,3,10003
1458,2017-12-03,44.00,30,3,10001
1459,2017-12-08,62.00,4,3,10003
1460,2017-12-26,1118.00,77,6,10001
1461,2017-12-09,3932.00,67,2,10010
1462,2017-12-23,551.00,28,1,10006
1463,2017-12-22,555.00,12,1,10007
1464,2017-12-20,525.00,29,1,10006
1465,2017-12-17,1374.00,77,6,10005
1466,2017-12-03,514.00,66,1,10001
1467,2017-12-04,4819.00,60,2,10010
1468,2017-12-04,58.00,16,3,10008
1469,2017-12-02,4981.00,38,2,10008
1470,2017-12-14,640.00,86,1,10008
1471,2017-12-31,975.00,16,6,10005
1472,2017-12-13,847.00,25,6,10005
1473,2017-12-15,2814.00,57,4,10009
1474,2017-12-26,41.00,3,3,10003
1475,2017-12-30,5141.00,74,2,10010
1476,2017-12-20,5788.00,25,5,10007
1477,2017-12-12,1249.00,59,6,10001
1478,2017-12-11,1033.00,12,6,10005
1479,2017-12-19,587.00,19,1,10009
1480,2017-12-12,54.00,45,3,10003
1481,2017-12-03,1021.00,29,6,10007
1482,2017-12-05,5127.00,62,2,10010
1483,2017-12-31,57.00,19,3,10003
1484,2017-12-07,53.00,60,3,10003
1485,2017-12-12,3811.00,45,4,10003
1486,2017-12-25,3748.00,62,4,10002
1487,2017-12-18,1083.00,11,6,10008
1488,2017-12-04,5520.00,30,5,10002
1489,2017-12-03,513.00,4,1,10005
1490,2017-12-26,866.00,15,6,10001
1491,2017-12-16,626.00,23,1,10010
1492,2017-12-03,4079.00,73,2,10010
1493,2017-12-16,1066.00,30,6,10006
1494,2017-12-18,64.00,9,3,10006
1495,2017-12-25,59.00,57,3,10006
1496,2017-12-09,50.00,73,3,10003
1497,2017-12-12,545.00,15,1,10004
1498,2017-12-14,1086.00,4,6,10007
1499,2017-12-09,5669.00,77,5,10010
1500,2017-12-19,5385.00,23,5,10008
1501,2017-12-07,65.00,59,3,10001
1502,2017-12-30,58.00,69,3,10001
1503,2017-12-05,3039.00,66,4,10005
1504,2017-12-11,5220.00,77,2,10010
1505,2017-12-06,3779.00,66,2,10010
1506,2017-12-25,520.00,60,1,10005
1507,2017-12-23,1020.00,19,6,10009
1508,2017-12-07,4990.00,15,2,10010
1509,2017-12-16,492.00,57,1,10004
1510,2017-12-04,3079.00,12,4,10009
1511,2017-12-31,6000.00,67,5,10003
1512,2017-12-18,5192.00,77,2,10010
1513,2017-12-28,3627.00,9,4,10005
1514,2017-12-30,4570.00,74,2,10010
1515,2017-12-05,5138.00,12,5,10008
1516,2017-12-12,61.00,15,3,10003
1517,2017-12-24,4991.00,38,2,10010
1518,2017-12-14,3772.00,59,4,10008
1519,2017-12-29,5013.00,59,2,10008
1520,2017-12-21,452.00,15,1,10004
1521,2017-12-28,7300.00,73,5,10005
1522,2017-12-18,53.00,11,3,10001
1523,2017-12-25,585.00,57,1,10004
1524,2017-12-24,619.00,62,1,10005
1525,2017-12-26,543.00,36,1,10001
1526,2017-12-25,608.00,13,1,10010
1527,2017-12-08,540.00,4,1,10008
1528,2017-12-22,4869.00,74,2,10006
1529,2017-12-18,507.00,12,1,10004
1530,2017-12-30,52.00,19,3,10004
1531,2017-12-10,3131.00,57,4,10004
1532,2017-12-30,523.00,74,1,10009
1533,2017-12-21,1156.00,74,6,10009
1534,2017-12-10,3704.00,69,5,10002
1535,2017-12-06,6166.00,62,2,10010
1536,2017-12-15,4578.00,12,2,10007
1537,2017-12-07,568.00,86,1,10002
1538,2017-12-18,1127.00,28,6,10004
1539,2017-12-16,59.00,30,3,10001
1540,2017-12-21,4735.00,23,5,10010
1541,2017-12-14,5422.00,12,5,10010
1542,2017-12-22,5009.00,66,2,10010
1543,2017-12-24,550.00,77,1,10007
1544,2017-12-28,50.00,66,3,10005
1545,2017-12-31,546.00,11,1,10006
1546,2017-12-21,453.00,29,1,10004
1547,2017-12-28,3253.00,23,4,10002
1548,2017-12-30,54.00,28,3,10010
1549,2017-12-22,4404.00,60,2,10006
1550,2017-12-20,2763.00,39,4,10007
1551,2017-12-30,6038.00,74,5,10001
1552,2017-12-29,523.00,15,1,10005
1553,2017-12-25,592.00,66,1,10006
1554,2017-12-15,5271.00,4,5,10007
1555,2017-12-28,5064.00,13,2,10006
1556,2017-12-06,3203.00,13,4,10006
1557,2017-12-11,457.00,23,1,10005
1558,2017-12-20,4869.00,36,2,10010
1559,2017-12-26,615.00,19,1,10007
1560,2017-12-13,57.00,66,3,10001
1561,2017-12-19,3164.00,29,4,10002
1562,2017-12-19,60.00,36,3,10007
1563,2017-12-09,5192.00,38,2,10008
1564,2017-12-12,1135.00,25,6,10009
1565,2017-12-16,5543.00,11,5,10001
1566,2017-12-29,1087.00,60,6,10010
1567,2017-12-10,6142.00,13,5,10009
1568,2017-12-01,5542.00,66,2,10010
1569,2017-12-30,537.00,36,1,10005
1570,2017-12-28,57.00,23,3,10001
1571,2017-12-07,5269.00,60,5,10001
1572,2017-12-29,53.00,23,3,10010
1573,2017-12-14,656.00,16,1,10005
1574,2017-12-30,2931.00,9,4,10008
1575,2017-12-21,3298.00,12,4,10008
1576,2017-12-22,5504.00,39,5,10002
1577,2017-12-02,577.00,28,1,10006
1578,2017-12-18,4591.00,74,2,10007
1579,2017-12-31,52.00,30,3,10008
1580,2017-12-19,48.00,45,3,10008
1581,2017-12-20,5031.00,45,2,10010
1582,2017-12-22,557.00,15,1,10004
1583,2017-12-04,57.00,74,3,10006
1584,2017-12-20,48.00,11,3,10003
1585,2017-12-21,49.00,69,3,10010
1586,2017-12-28,650.00,28,1,10008
1587,2017-12-31,567.00,39,1,10004
1588,2017-12-01,61.00,30,3,10003
1589,2017-12-31,3300.00,36,4,10001
1590,2017-12-09,5756.00,66,5,10005
1591,2017-12-08,58.00,15,3,10002
1592,2017-12-04,5110.00,11,2,10010
1593,2017-12-28,2477.00,28,4,10001
1594,2017-12-11,537.00,77,1,10010
1595,2017-12-07,3844.00,15,4,10001
1596,2017-12-07,562.00,66,1,10008
1597,2017-12-11,66.00,60,3,10003
1598,2017-12-12,3309.00,9,4,10003
1599,2017-12-29,6340.00,69,5,10004
1600,2017-12-22,1243.00,12,6,10001
1601,2017-12-09,5619.00,28,5,10005
1602,2017-12-13,57.00,36,3,10001
1603,2017-12-11,1110.00,38,6,10008
1604,2017-12-08,57.00,60,3,10003
1605,2017-12-19,6141.00,25,5,10009
1606,2017-12-14,56.00,67,3,10001
1607,2017-12-12,515.00,19,1,10002
1608,2017-12-14,49.00,57,3,10003
1609,2017-12-28,5862.00,73,5,10007
1610,2017-12-18,60.00,9,3,10001
1611,2017-12-24,986.00,9,6,10002
1612,2017-12-16,3843.00,73,4,10002
1613,2017-12-24,52.00,11,3,10008
1614,2017-12-24,1047.00,13,6,10009
1615,2017-12-17,4755.00,38,2,10010
1616,2017-12-28,537.00,11,1,10001
1617,2017-12-18,1220.00,36,6,10008
1618,2017-12-18,60.00,62,3,10003
1619,2017-12-18,480.00,28,1,10006
1620,2017-12-28,1166.00,13,6,10006
1621,2017-12-27,3735.00,86,4,10003
1622,2017-12-19,5052.00,16,2,10010
1623,2017-12-26,3240.00,16,4,10001
1624,2017-12-31,54.00,60,3,10001
1625,2017-12-28,58.00,4,3,10003
1626,2017-12-30,3494.00,28,4,10008
1627,2017-12-26,622.00,13,1,10004
1628,2017-12-30,1052.00,38,6,10008
1629,2017-12-29,67.00,3,3,10008
